name,elements,classes,methods per class, method calls,elements per method, depth
el, 4922, 12, 15.75, 1420, 24.904761904761905, 7.156074362300044
calls, 5613, 16, 13.25, 1612, 25.330188679245282, 7.502080968596292
synthetic, 3616, 16, 6.0, 960, 36.0, 7.036585365853658
java, 5778, 9, 18.0, 649, 35.611111111111114, 6.658284533241474
